-- phpMyAdmin SQL Dump
-- version 2.11.1
-- http://www.phpmyadmin.net
--
-- Host: localhost
-- Generation Time: Mar 05, 2008 at 06:13 PM
-- Server version: 5.0.45
-- PHP Version: 5.2.4

SET SQL_MODE="NO_AUTO_VALUE_ON_ZERO";

--
-- Database: `memorize_chinese`
--

-- --------------------------------------------------------

--
-- Table structure for table `cards`
--

DROP TABLE IF EXISTS `cards`;
CREATE TABLE `cards` (
  `id` int(100) NOT NULL auto_increment,
  `deck_id` int(10) NOT NULL,
  `question` varchar(300) NOT NULL,
  `answer` varchar(400) NOT NULL,
  `extra` text NOT NULL,
  `extra2` text NOT NULL,
  PRIMARY KEY  (`id`)
) ENGINE=MyISAM  DEFAULT CHARSET=utf8 AUTO_INCREMENT=731 ;

--
-- Dumping data for table `cards`
--

INSERT INTO `cards` (`id`, `deck_id`, `question`, `answer`, `extra`, `extra2`) VALUES
(1, 1, '结', 'jié', 'tie; 结果 jiéguǒ result; 结婚 marry  [jiē] bear fruit', ''),
(2, 1, '束', 'shù', 'bundle; 束缚 shùfù tie up; 结束 jiéshù finish', ''),
(3, 1, '注', 'zhù', 'pour; (F註) notes; 注意 zhùyì pay attention; 注视 gaze', ''),
(4, 1, '册', 'cè', 'book; 手册 shǒucè handbook; 地图册 dìtúcè atlas', ''),
(5, 1, '续', 'xù', '(继续 jìxù) continue; 连续 liánxù continuous', ''),
(6, 1, '祖', 'zǔ', '(祖先 zǔxiān) ancestor; 祖母 zǔmǔ grandmother', ''),
(7, 1, '籍', 'jí', 'book; registry; native place; membership; 国籍 nationality', ''),
(8, 1, '全', 'quán', 'whole, entire; 完全 completely; 安全 safety', ''),
(9, 1, '省', 'shěng', 'province; economize; omit  [xǐng] 反省 introspection', ''),
(10, 1, '处', 'chù', 'place  [chǔ] deal with', ''),
(11, 1, '适', 'shì', '合适 héshì suitable, appropriate   [dí]', ''),
(12, 1, '应', 'yīng', '(应该 yīnggāi) should  [yìng] 应用 apply', ''),
(13, 1, '靠', 'kào', 'lean on; rely on; keep close to; come up to; near', ''),
(14, 1, '波', 'bō', '(波浪 bōlàng) wave; 波长 wavelength', ''),
(15, 1, '士', 'shì', 'scholar; 博士 Ph.D; 女士 lady, Ms.; 战士 soldier', ''),
(16, 1, '顿', 'dùn', 'to pause; meal', ''),
(17, 1, '柯', 'kē', '(书) stalk, branch; (surname)', ''),
(18, 2, '屋', 'wū', '(屋子 wūzi) room; (房屋 fángwū) building; 屋顶 roof', ''),
(19, 2, '熟', 'shú', 'cooked, ripe, familiar; 熟悉 shúxī know well  [shóu]', ''),
(20, 2, '悉', 'xī', '熟悉 shúxī know well, be familiar with', ''),
(21, 2, '窗', 'chuāng', '(窗户 chuānghu, 窗口) window; 窗帘 curtain', ''),
(22, 2, '户', 'hù', 'door; household; 窗户 chuānghù window', ''),
(23, 2, '摆', 'bǎi', 'put, arrange; sway, wave; 摇摆舞 rock ''n'' roll', ''),
(24, 2, '被', 'bèi', 'quilt; by; (indicates passive voice)   [pī]', ''),
(25, 2, '毯', 'tǎn', '(毯子 tǎnzi) blanket; (地毯 dìtǎn) carpet, rug', ''),
(26, 2, '柜', 'guì', '(F櫃) (柜子) cabinet; 柜台 counter; 掌柜 shopkeeper  [jǔ]', ''),
(27, 2, '挂', 'guà', 'hang, put up', ''),
(28, 2, '调', 'diào', 'shift; tone  [tiáo] adjust', ''),
(29, 2, '栋', 'dòng', 'ridgepole, m. (for houses)', ''),
(30, 2, '设', 'shè', 'set up; 建设 construct; 设计 design; 设备 equipment', ''),
(31, 2, '备', 'bèi', '(准备) get ready, prepare; 设备 equipment', ''),
(32, 2, '旧', 'jiù', 'old (not new) (cf 老 old, not young; 新 new)', ''),
(33, 2, '厕', 'cè', '厕所 cèsuǒ toilet  [si] 茅厕 máosi latrine', ''),
(34, 2, '浴', 'yù', '沐浴 mùyù take a bath; 浴室 yùshì bath/shower room', ''),
(35, 2, '恐', 'kǒng', '(恐怕 kǒngpà) I''m afraid; 恐怖 kǒngbù terror', ''),
(36, 2, '楼', 'lóu', 'story, building; 大楼 mansion; 楼梯 lóutī stairs', ''),
(37, 2, '商', 'shāng', 'discuss; business', ''),
(38, 2, '品', 'pǐn', '(产品 chǎnpǐn) product; 商品 shāngpǐn merchandise', ''),
(39, 2, '具', 'jù', '工具 tool; 具有 possess; 具体 concrete; 玩具 toy', ''),
(40, 2, '层', 'céng', 'layer, level, storey', ''),
(41, 2, '烘', 'hōng', 'dry, toast; to warm; 热烘烘 very warm', ''),
(42, 2, '静', 'jìng', 'still, quiet; 静电 static electricity', ''),
(43, 2, '般', 'bān', 'sort, kind; 一般 yìbān ordinary  [pán] happy  [bō] 般若', ''),
(44, 2, '猜', 'cāi', 'guess; 猜想 cāixiǎng suppose', ''),
(45, 2, '胃', 'wèi', 'stomach; 胃口 wèikǒu appetite', ''),
(46, 2, '急', 'jí', 'urgent; 着急 zháojí anxious; 急忙 jímáng in a hurry', ''),
(47, 2, '约', 'yuē', 'approximately; arrange; appointment   [yāo] weigh', ''),
(48, 2, '翰', 'hàn', 'writing brush; writing', ''),
(49, 3, '接', 'jiē', 'connect; (接受) accept; 接着 catch; next; 直接 direct', ''),
(50, 3, '原', 'yuán', 'originally; 原来 it turns out; original; 原因 cause', ''),
(51, 3, '孩', 'hái', '(孩子 háizi, 小孩儿 xiǎoháir) child; 女孩儿 girl', ''),
(52, 3, '吸', 'xī', 'inhale; 呼吸 breathe; 吸收 absorb; 吸引 attract', ''),
(53, 3, '烟', 'yān', '(F煙) smoke; cigarette; mist  [yīn] (=氤)', ''),
(54, 3, '清', 'qīng', '(清楚 qīngchu) clear; 清洁 qīngjié clean', ''),
(55, 3, '蒸', 'zhēng', '(蒸汽 zhēngqì) steam', ''),
(56, 3, '味', 'wèi', '(味道 wèidao) flavor, taste', ''),
(57, 3, '芥', 'jiè', 'mustard; 芥子园画谱  [gài] 芥蓝 gàilán cabbage mustard', ''),
(58, 3, '兰', 'lán', '兰花 lánhuā orchid', ''),
(59, 3, '嫩', 'nèn', 'tender, delicate; light; inexperienced', ''),
(60, 3, '香', 'xiāng', 'perfume; fragrant; 香港 Xiānggǎng Hong Kong', ''),
(61, 3, '汤', 'tāng', 'hot water, soup  [shāng] 汤汤', ''),
(62, 3, '菠', 'bō', '菠菜 bōcài spinach; 菠萝 bōluó pineapple', ''),
(63, 3, '腐', 'fǔ', 'rotten; 豆腐 tofu; 腐蚀 corrode; 腐败 corrupt', ''),
(64, 3, '素', 'sù', 'plain, white; vegetarian; 因素 yīnsù factor, element', ''),
(65, 3, '鲜', 'xiān', 'fresh    [xiǎn] few, rare; 朝鲜 Korea', ''),
(66, 3, '麻', 'má', 'hemp; (芝麻 zhīma) sesame; 麻烦 máfan bother  [mā]', ''),
(67, 3, '烦', 'fán', 'be vexed; 麻烦 trouble, bother; 不耐烦 impatient', ''),
(68, 3, '板', 'bǎn', 'board; hard; (F闆) 老板 lǎobǎn shopkeeper', ''),
(69, 3, '盐', 'yán', 'salt', ''),
(70, 3, '精', 'jīng', 'perfect; 精神 spirit, essence; 酒精 alcohol', ''),
(71, 3, '章', 'zhāng', 'chapter; seal, stamp; medal, badge; rules', ''),
(72, 3, '卡', 'kǎ', 'block; calory  [qiǎ] checkpoint', ''),
(73, 3, '建', 'jiàn', 'construct; establish; 建议 jiànyì suggest', ''),
(74, 3, '康', 'kāng', '健康 jiànkāng health; 康熙字典 Kāngxī Zìdiǎn', ''),
(75, 3, '法', 'fǎ', '(法律 fǎlǜ) law; (办法 bànfǎ) method', ''),
(76, 3, '许', 'xǔ', 'allow; 许多 xǔduō a lot; 也许 yěxǔ perhaps  [hǔ]', ''),
(77, 3, '油', 'yóu', 'oil; 汽油 qìyóu gasoline; 酱油 jiàngyóu soy sauce [yōu]', ''),
(78, 3, '淡', 'dàn', 'thin, light; 淡蓝 ( = 浅蓝) light blue', ''),
(79, 3, '实', 'shí', 'true, real; 事实 fact; 实际上 actually; 实在 really', ''),
(80, 3, '梅', 'méi', 'plum, prune; 梅花 plum blossom; 梅林 plum grove', ''),
(81, 3, '陈', 'chén', 'display; explain; stale; (dynasty: 557-589)', ''),
(82, 4, '恤', 'xù', 'pity, sympathize; give relief', ''),
(83, 4, '裤', 'kù', '(裤子) pants', ''),
(84, 4, '等', 'děng', 'equal; class; wait; et cetera (etc.)', ''),
(85, 4, '无', 'wú', 'without; nothingness  [mó] 南无', ''),
(86, 4, '论', 'lùn', 'theory   [Lún] 论语 Lúnyǔ Analects of Confucius', ''),
(87, 4, '牌', 'pái', 'tablet; brand; cards; dominoes: 牌子 sign', ''),
(88, 4, '需', 'xū', '(需要 xūyào) need; ; 必需 bìxū essential', ''),
(89, 4, '粉', 'fěn', 'powder; 洗衣粉 laundry detergent; 粉红色 pink', ''),
(90, 4, '膏', 'gāo', '牙膏 yágāo toothpaste; 油膏 ointment  [gào] lubricate', ''),
(91, 4, '皂', 'zào', '肥皂 féizào soap', ''),
(92, 4, '卫', 'wèi', '保卫 defend; 卫生 sanitary; 卫星 satellite', ''),
(93, 4, '巾', 'jīn', 'piece of cloth; 毛巾 towel; 餐巾 napkin; 围巾 scarf', ''),
(94, 4, '于', 'yú', '(surname); (F於) in, at, to, from, by, than', ''),
(95, 4, '化', 'huà', '(变化 biànhuà) change  [huā] (=花) spend', ''),
(96, 4, '妆', 'zhuāng', 'adorn oneself; 妆奁 bride''s trousseau', ''),
(97, 4, '购', 'gòu', '(购买 gòumǎi) purchase', ''),
(98, 4, '物', 'wù', 'thing; 动物 animal; 植物 plant; 物理 physics', ''),
(99, 4, '套', 'tào', 'set; cover; 手套 glove; 一套衣服 a suit', ''),
(100, 4, '短', 'duǎn', 'short (opposite of 长 cháng)', ''),
(101, 4, '厚', 'hòu', 'thick; deep; kind; rich (food)   (cf 薄 báo thin)', ''),
(102, 4, '薄', 'báo', 'thin  [bó] slight; 薄弱 weak  [bò] 薄荷 peppermint', ''),
(103, 4, '减', 'jiǎn', 'subtract; 减少 jiǎnshǎo decrease', ''),
(104, 4, '价', 'jià', '(F價) (价值) value; (价钱) price  [jie] (F價)  [jiè] servant', ''),
(105, 4, '折', 'zhé', 'fold; break; change direction [shé] break [zhē] turn over', ''),
(106, 4, '纯', 'chún', '(纯洁 chúnjié) pure; (单纯 dānchún) simple', ''),
(107, 4, '棉', 'mián', 'cotton', ''),
(108, 4, '哎', 'āi', '(interjection:) hey; 哎呀 āiyā; 哎哟 āiyō  [ēi]', ''),
(109, 4, '质', 'zhì', '(物质 wùzhì) matter, substance; 质量 zhìliàng quality; mass', ''),
(110, 4, '量', 'liàng', 'amount; 量词 classifier  [liáng] measure', ''),
(111, 4, '挑', 'tiāo', '(挑选) choose  [tiǎo] poke; 挑战 challenge  [tāo]', ''),
(112, 4, '剔', 'tī', 'pick, scrape meat from a bone with a knife', ''),
(113, 4, '非', 'fēi', 'not, non-; 非常 fēicháng unusually', ''),
(114, 4, '标', 'biāo', 'mark; 标准 biāozhǔn standard', ''),
(115, 4, '准', 'zhǔn', 'allow; (F準) certainly; precise; 准备 prepare; 标准 standard', ''),
(116, 4, '廉', 'lián', 'honest, clean; low-priced', ''),
(117, 4, '乎', 'hū', '似乎 sìhu it seems; 几乎 jīhū almost', ''),
(118, 4, '争', 'zhēng', 'contend; dispute; 战争 zhànzhēng war; 斗争 struggle', ''),
(119, 4, '陪', 'péi', '(陪同 péitóng) accompany; 陪嫁 péijià dowry', ''),
(120, 4, '金', 'jīn', '(金子 jīnzi) gold (Au); (金属 jīnshǔ) metal', ''),
(121, 4, '税', 'shuì', 'tax', ''),
(122, 4, '州', 'zhōu', 'prefecture; 广州 Guǎngzhōu Canton', ''),
(123, 4, '签', 'qiān', '签订 conclude & sign (treaty, etc); 签名 signature', ''),
(124, 4, '收', 'shōu', 'gather; 收拾 put in order; 收获 harvest; 收音机 radio', ''),
(125, 4, '据', 'jù', 'seize; depend on; (根据 gēnjù) according to  [jū] 拮据', ''),
(126, 4, '迪', 'dí', '(书) enlighten, guide', ''),
(127, 4, '达', 'dá', 'reach, arrive    [dā] [tà]', ''),
(128, 4, '斯', 'sī', '(thus; now used mostly for sound:) 法西斯 Fascist', ''),
(129, 5, '选', 'xuǎn', '(选择 xuǎnzé) choose, select; 选举 xuǎnjǔ election', ''),
(130, 5, '专', 'zhuān', '(专门) special; (专家) expert; 专政 dictatorship', ''),
(131, 5, '业', 'yè', '商业 commerce; 工业 industry; 作业 homework', ''),
(132, 5, '亚', 'yà', 'inferior, second; 亚洲 Yàzhōu Asia', ''),
(133, 5, '史', 'shǐ', '(历史 lìshǐ) history; (surname)', ''),
(134, 5, '统', 'tǒng', '系统 system; 统治 dominate; 统一 unify', ''),
(135, 5, '计', 'jì', '(计算) count, calculate; 统计 statistics', ''),
(136, 5, '受', 'shòu', 'receive; 接受 jiēshòu accept; 难受 nánshòu unhappy', ''),
(137, 5, '反', 'fǎn', 'turn over; (反对 fǎnduì) oppose; 反映 fǎnyìng reflect  [bǎn] 反反 proper', ''),
(138, 5, '复', 'fù', '(F復) ; 恢复 recover; (F複) 复杂 complex; (F覆) cover', ''),
(139, 5, '指', 'zhǐ', 'finger; point; 指头 zhǐtou finger; 指甲 zhǐjia nail', ''),
(140, 5, '导', 'dǎo', 'lead; 领导 lǐngdǎo leader', ''),
(141, 5, '授', 'shòu', 'award, give; teach; 教授 jiàoshòu professor', ''),
(142, 5, '讨', 'tǎo', '(讨论 tǎolùn) discuss; 讨厌 tǎoyàn digusting', ''),
(143, 5, '聊', 'liáo', 'just; slightly; 无聊 wúliáo bored; silly; 聊天儿 chat', ''),
(144, 5, '肯', 'kěn', 'be willing to; consent; 肯定 kěndìng definitely', ''),
(145, 5, '定', 'dìng', 'fix; 一定 yídìng definite; 决定 juédìng decide', ''),
(146, 5, '至', 'zhì', 'to, until; 甚至 shènzhì even; 至少 zhìshǎo at least', ''),
(147, 5, '毕', 'bì', '毕业 bìyè graduate; 毕竟 bìjìng after all', ''),
(148, 5, '系', 'xì', 'n. ①system; series; family ②department (in a college); faculty', ''),
(149, 5, '算', 'suàn', '(计算 jìsuàn) compute; 算了 forget it, never mind', ''),
(150, 5, '研', 'yán', 'grind; (研究 yánjiū) study', ''),
(151, 5, '究', 'jiū', '研究 yánjiū study, research; 究竟 after all', ''),
(152, 5, '院', 'yuàn', 'courtyard; 学院 college; 医院 hospital; 法院 court', ''),
(153, 5, '管', 'guǎn', 'tube; (管理 guǎnlǐ) manage; 不管 bùguǎn no matter', ''),
(154, 5, '科', 'kē', 'department; 科学 kēxué science; 外科 wàikē surgery', ''),
(155, 5, '赚', 'zhuàn', 'gain, profit    [zuàn] cheat', ''),
(156, 5, '兼', 'jiān', 'double; simultaneously: 兼容 compatible', ''),
(157, 5, '愿', 'yuàn', 'wish', ''),
(158, 5, '当', 'dāng', '(F當) serve as; (F噹) ding-dong  [dàng] (F當) (当作) regard as  [dǎng] (F當)', ''),
(159, 5, '整', 'zhěng', '(整个) whole; 调整 tiáozhěng adjust; 整齐 zhěngqí neat', ''),
(160, 5, '病', 'bìng', 'sick; 毛病 máobing malfunction', ''),
(161, 5, '交', 'jiāo', 'join; 交通 jiāotōng traffic; 交换 jiāohuàn exchange', ''),
(162, 5, '唉', 'ài', '(interj.) oh!  [āi] yes?', ''),
(163, 5, '哲', 'zhé', '哲学 zhéxué philosophy', ''),
(164, 5, '申', 'shēn', 'explain; 9th 地支 Earthly Branch', ''),
(165, 5, '虑', 'lǜ', '(考虑 kǎolǜ) consider; 忧虑 yōulǜ worry about', ''),
(166, 5, '验', 'yàn', '(经验 jīngyàn) experience', ''),
(167, 5, '履', 'lǚ', 'shoes;  Treading', ''),
(168, 5, '历', 'lì', '(F歷) 历史 lìshǐ history; 经历 experience; (F曆) 日历', ''),
(169, 5, '咱', 'zán', '(咱们 zánmen) we     [zan] (from 早晚 zǎowǎn)', ''),
(170, 5, '议', 'yì', '(议论 yìlùn) discuss; 会议 conference; 建议 suggest', ''),
(171, 6, '梯', 'tī', '(梯子 tīzi) ladder; (楼梯 lóutī) stairs', ''),
(172, 6, '廊', 'láng', 'hall', ''),
(173, 6, '声', 'shēng', '(声音 shēngyīn) sound', ''),
(174, 6, '招', 'zhāo', 'beckon; recruit; attract; 招待 entertain (guests)', ''),
(175, 6, '笑', 'xiào', 'laugh', ''),
(176, 6, '隔', 'gé', 'separate, stand between; 隔壁 next door', ''),
(177, 6, '壁', 'bì', 'wall, cliff; 墙壁 qiángbì wall (la pared)', ''),
(178, 6, '赛', 'sài', 'contest; 比赛 match, race', ''),
(179, 6, '激', 'jī', 'surge, dash; (激动 jīdòng) excite; 激烈 jīliè intense', ''),
(180, 6, '喊', 'hǎn', '(喊叫,呼喊,叫喊) shout, cry out', ''),
(181, 6, '响', 'xiǎng', 'sound; 影响 yǐngxiǎng influence', ''),
(182, 6, '赶', 'gǎn', 'catch up', ''),
(183, 6, '紧', 'jǐn', 'tight; 紧张 jǐnzhāng tense; 要紧 yàojǐn important', ''),
(184, 6, '翻', 'fān', 'turn over; 翻译 fānyì translate', ''),
(185, 6, '栏', 'lán', 'fence, railing', ''),
(186, 6, '稍', 'shāo', '(稍稍, 稍微) a little, a bit, slightly  [shào] 稍息', ''),
(187, 6, '微', 'wēi', 'tiny, micro; 微笑 wēixiào smile', ''),
(188, 6, '试', 'shì', 'try; test; 考试 kǎoshì test, quiz', ''),
(189, 6, '街', 'jiē', 'street; 街道 street, neighborhood; 街头 street-corner', ''),
(190, 6, '育', 'yù', 'raise, educate; 教育 education   [yō] 杭育 heave-ho', ''),
(191, 6, '迷', 'mí', 'be lost; 我迷了路 I am lost; 迷信 superstition', ''),
(192, 6, '瞒', 'mán', 'hide the truth from', ''),
(193, 6, '厅', 'tīng', 'hall; 餐厅 cāntīng dining room', ''),
(194, 6, '厨', 'chú', '厨房 chúfáng kitchen', ''),
(195, 6, '环', 'huán', 'ring; 环境 huánjìng environment, surroundings', ''),
(196, 6, '境', 'jìng', 'border, territory; 环境 huánjìng environment', ''),
(197, 6, '嗯', 'ń', '[ň] [ǹ] [ńg] [ňg] [ǹg] (a non-verbal exclamation)', ''),
(198, 6, '通', 'tōng', '(通过) go through; 交通 traffic  [tòng] (measure word)', ''),
(199, 6, '德', 'dé', 'virtue; 道德 dàodé ethics; 德国 Germany (Deutchland)', ''),
(200, 6, '森', 'sēn', '森林 sēnlín forest', ''),
(393, 7, '醉', 'zuì', 'drunk', ''),
(392, 7, '噢', 'ō', 'Oh (interjection)', ''),
(391, 7, '景', 'jǐng', 'scene, scenery', ''),
(390, 7, '背', 'bèi', 'back  [bēi] carry on the back', ''),
(389, 7, '相', 'xiāng', 'each other, mutual  [xiàng] look at; appearance; photo', ''),
(388, 7, '往', 'wǎng', 'to, toward; 往往 wǎngwǎng often', ''),
(386, 7, '摇', 'yáo', 'shake', ''),
(387, 7, '滚', 'gǔn', 'roll; boil', ''),
(385, 7, '典', 'diǎn', '典型 diǎnxíng typical; 古典 classical; 词典 dictionary', ''),
(384, 7, '古', 'gǔ', '(古代 gǔdài) ancient', ''),
(383, 7, '戏', 'xì', '(戏剧 xìjù) drama, play; 游戏 yóuxì game', ''),
(382, 7, '趣', 'qù', 'interest, fun; 兴趣 interest; 趣味 interest; taste', ''),
(381, 7, '躁', 'zào', 'rash, impetuous', ''),
(380, 7, '急', 'jí', 'urgent; 着急 zháojí anxious; 急忙 jímáng in a hurry', ''),
(379, 7, '脾', 'pí', 'spleen; 脾气 píqi (bad-) temper', ''),
(378, 7, '朗', 'lǎng', '爽朗 shuǎnglǎng, 明朗 bright & clear; 朗讼 recite', ''),
(370, 7, '事', 'shì', 'thing, event; 事情 shìqing situation', ''),
(371, 7, '闹', 'nào', '(热闹) noisy; 闹钟 alarm clock', ''),
(372, 7, '翻', 'fān', 'turn over; 翻译 fānyì translate', ''),
(373, 7, '详', 'xiáng', '详细 detailed; 端详 details; 安详 serene', ''),
(374, 7, '细', 'xì', 'thin; 仔细 zǐxì careful; 细胞 xìbāo cell; 详细 detailed', ''),
(375, 7, '况', 'kuàng', '情况 circumstances; 况且 moreover', ''),
(376, 7, '性', 'xìng', 'sex; nature; -ness', ''),
(377, 7, '格', 'gé', 'check, pattern, standard; 格外 géwài especially  [gē]', ''),
(402, 7, '假', 'jiǎ', 'false  [jià] (假期 jiàqī) vacation', ''),
(403, 7, '憋', 'biē', 'check, restrain, suppress; suffocate, feel depressed', ''),
(401, 7, '悔', 'huǐ', '(后悔 hòuhuǐ) regret, repent', ''),
(399, 7, '怪', 'guài', 'blame; (奇怪 qíguài) strange; 怪物 guàiwu monster', ''),
(400, 7, '挺', 'tǐng', 'quite, very; endure, stand; 挺立 stand upright', ''),
(397, 7, '破', 'pò', 'smash; 破坏 pòhuài ruin; 破烂 pòlàn worn out', ''),
(398, 7, '吹', 'chuī', 'blow', ''),
(396, 7, '镜', 'jìng', '(镜子) mirror; lens; 眼镜 yǎnjìng glasses', ''),
(395, 7, '害', 'hài', 'harmful; 害虫 hàichóng destructive insect; 厉害 lìhai fierce', ''),
(369, 8, '敢', 'gǎn', 'dare; 勇敢 yǒnggǎn brave', ''),
(394, 7, '厉', 'lì', '厉害 terrible; formidable  [lài] (name of ancient country)', ''),
(368, 8, '炸', 'zhà', '(爆炸 bàozhà) explode, blow up  [zhá] deep fry', ''),
(367, 8, '胁', 'xié', 'upper part of side of person''s body; coerce', ''),
(366, 8, '威', 'wēi', '威胁 wēixié threaten, imperil; 示威 demonstrate', ''),
(365, 8, '盾', 'dùn', 'shield; 矛盾 máodùn contradiction ("spear-shield")', ''),
(364, 8, '矛', 'máo', 'spear; 矛盾 máodùn contradiction ("spear-shield")', ''),
(363, 8, '任', 'rèn', 'appoint; no matter; 任务 task; 任何 any  [Rén] (surname)', ''),
(362, 8, '责', 'zé', 'duty; 责任 zérèn responsibility', ''),
(361, 8, '负', 'fù', 'carry on shoulder; suffer; negative', ''),
(360, 8, '借', 'jiè', 'borrow, lend', ''),
(359, 8, '枪', 'qiāng', 'gun   [chēng] 欃枪 chánchēng comet', ''),
(358, 8, '向', 'xiàng', 'towards (direction); (F曏) formerly', ''),
(357, 8, '免', 'miǎn', 'exempt; 避免 bìmiǎn avoid; 免费 miǎnfèi free', ''),
(356, 8, '怪', 'guài', 'blame; (奇怪 qíguài) strange; 怪物 guàiwu monster', ''),
(355, 8, '糟', 'zāo', 'rotten; 糟糕 zāogāo bad luck! 糟踏 zāota waste, spoil', ''),
(354, 8, '乱', 'luàn', 'chaotic, disorderly, messy; 混乱 hùnluàn chaos', ''),
(353, 8, '死', 'sǐ', 'die, death', ''),
(352, 8, '烧', 'shāo', 'roast, cook; burn (cf 炒 chǎo stir-fry)', ''),
(351, 8, '灾', 'zāi', '(灾难 zāinàn, 灾害 zāihài) disaster', ''),
(350, 8, '柴', 'chái', 'firewood; 火柴 huǒchái match; 柴油 cháiyóu diesel oil', ''),
(349, 8, '模', 'mó', '模范 model; 模仿 imitate  [mú] 模样 appearance; 模子', ''),
(348, 8, '据', 'jù', 'seize; depend on; (根据 gēnjù) according to  [jū] 拮据', ''),
(347, 8, '引', 'yǐn', 'draw, stretch; (引起 yǐnqǐ) cause; (吸引 xīyǐn) attract', ''),
(346, 8, '童', 'tóng', '儿童 értóng children', ''),
(345, 8, '通', 'tōng', '(通过) go through; 交通 traffic  [tòng] (measure word)', ''),
(344, 8, '闻', 'wén', 'smell; hear; 新闻 news', ''),
(343, 8, '频', 'pín', '频率 pínlǜ frequency', ''),
(342, 8, '闲', 'xián', 'idle; free time; 闲话 digression; complaint', ''),
(341, 8, '录', 'lù', 'record; 记录 jìlù take notes; 录音机 tape recorder', ''),
(340, 8, '纪', 'jì', '世纪 century; 纪念 memento; 纪律 discipline', ''),
(339, 8, '尔', 'ěr', '(archaic:) you; 尔后 thereafter; 高尔夫 golf', ''),
(338, 8, '偶', 'ǒu', '(偶然 ǒurán) by chance; even number (cf. 奇 jī odd)', ''),
(337, 8, '术', 'shù', 'skill; (艺术 yìshù) art; 技术 technique  [zhú]', ''),
(336, 8, '艺', 'yì', 'skill; (艺术 yìshù) art; 文艺 literature and art', ''),
(335, 8, '堂', 'táng', 'hall; 食堂 dining hall; 课堂 classroom  [tāng] 亮堂堂', ''),
(334, 8, '商', 'shāng', 'discuss; business (store)', ''),
(333, 8, '演', 'yǎn', '(表演 biǎoyǎn) perform, act, performance', ''),
(332, 8, '响', 'xiǎng', 'sound; 影响 yǐngxiǎng influence', ''),
(404, 7, '死', 'sǐ', 'die, death', ''),
(405, 7, '演', 'yǎn', '(表演 biǎoyǎn) perform, act, performance', ''),
(406, 7, '部', 'bù', '(部分 bùfen) part; 西部 western part; 全部 entire', ''),
(407, 7, '谈', 'tán', 'talk', ''),
(408, 7, '华', 'huá', 'magnificent; China    [Huà] (surname); 华山', ''),
(409, 7, '姆', 'mǔ', 'nurse; 汤姆 Tāngmǔ Tom', ''),
(410, 7, '丽', 'lì', '美丽 beautiful; 壮丽 majestic  [Lí] Korea', ''),
(411, 7, '莎', 'shā', '(used in names)  [suō] 莎草 (a kind of plant)', ''),
(412, 9, '代', 'dài', '(代表 dàibiǎo) represent; (时代 shídài) generation', ''),
(413, 9, '移', 'yí', '(移动) move; 转移 shift; transform; 移植 transplant', ''),
(414, 9, '曾', 'céng', '(曾经 céngjīng) in the past  [zēng] great- (grandmother)', ''),
(415, 9, '陆', 'lù', 'land; 大陆 continent   [liù] six ( = 六)', ''),
(416, 9, '确', 'què', 'true; 正确 correct; 确实 indeed; 明确 explicit', ''),
(417, 9, '否', 'fǒu', 'no; 是否 whether   [pǐ]  Standstill', ''),
(418, 9, '则', 'zé', '(conjunction); 原则 yuánzé principle; 否则 fǒuzé or else', ''),
(419, 9, '散', 'sàn', 'break up; distribute; dispel  [sǎn] fall apart; scattered', ''),
(420, 9, '步', 'bù', 'step; 进步 jìnbù progress; 散步 sànbù go for a walk', ''),
(421, 9, '岸', 'àn', 'shore', ''),
(422, 9, '腻', 'nì', 'greasy, oily; smooth; (腻烦 nìfan) disgusted, fed up', ''),
(423, 9, '炉', 'lú', '(炉子 lúzi) stove, oven, furnace', ''),
(424, 9, '姑', 'gū', '姑娘 aunt', ''),
(425, 9, '既', 'jì', 'since; already; 既然 jìrán since, now that', ''),
(426, 9, '趟', 'tàng', '(measure word) trip; row  [tāng] ( = 蹚)', ''),
(427, 9, '社', 'shè', '(社会 shèhuì) society', ''),
(428, 9, '订', 'dìng', 'conclude (cf 定)', ''),
(429, 9, '线', 'xiàn', 'line, thread; 光线 light ray; 电线 wire', ''),
(430, 9, '量', 'liàng', 'amount; 量词 classifier  [liáng] measure', ''),
(431, 9, '顺', 'shùn', 'along, in the same direction as; obey; suitable', ''),
(432, 9, '待', 'dài', 'treat; entertain; wait for   [dāi] (=呆) stay', ''),
(433, 9, '局', 'jú', 'department; situation; 邮局 yóujú post office', ''),
(434, 9, '护', 'hù', '(保护 bǎohù) guard, protect; 护士 hùshi nurse', ''),
(435, 9, '拜', 'bài', 'honor, worship; 礼拜 lǐbài week   [bái] 拜拜 bye-bye', ''),
(436, 9, '签', 'qiān', '签订 conclude & sign (treaty, etc); 签名 signature', ''),
(437, 9, '证', 'zhèng', 'prove; 图书证 library card', ''),
(438, 9, '领', 'lǐng', 'to lead; collar; 领导, 领袖 leader; 本领 ability', ''),
(439, 9, '址', 'zhǐ', '地址 dìzhǐ address', ''),
(440, 9, '墨', 'mò', '(墨水 mòshuǐ) ink; 墨子 Mòzǐ (a philosopher)', ''),
(441, 9, '港', 'gǎng', 'harbor; 香港 Xiānggǎng Hong Kong', ''),
(442, 9, '韩', 'Hán', '(surname); (old name for Korea)', ''),
(443, 9, '斯', 'sī', '(thus; now used mostly for sound:) 法西斯 Fascist', ''),
(444, 9, '蒂', 'dì', 'base of a fruit; 烟蒂 cigarette butt', ''),
(445, 9, '夫', 'fū', 'man; 丈夫 husband; 工夫 skill; 大夫 dàifu doctor  [fú]', ''),
(446, 10, '逛', 'guàng', 'stroll, ramble, roam', ''),
(447, 10, '街', 'jiē', 'street; 街道 street, neighborhood; 街头 street-corner', ''),
(448, 10, '奇', 'qí', 'marvellous, rare, strange  [jī] odd (not even)', ''),
(449, 10, '途', 'tú', 'way, route; 前途 prospect; 途经 via', ''),
(450, 10, '亲', 'qīn', 'kin; kiss; 母亲 mother; 亲自 in person  [qìng] 亲家', ''),
(451, 10, '顺', 'shùn', 'along, in the same direction as; obey; suitable', ''),
(452, 10, '利', 'lì', '(利益 lìyì) benefit, profit; 利用 utilize; 胜利 triumph', ''),
(453, 10, '排', 'pái', 'arrange; row, line     [pǎi] 排子车 handcart', ''),
(454, 10, '队', 'duì', 'team; 部队 bùduì army; 队伍 duìwǔ troops', ''),
(455, 10, '轮', 'lún', 'wheel', ''),
(456, 10, '趁', 'chèn', 'take advantage of; while; 趁机会', ''),
(457, 10, '寄', 'jì', 'to mail; 寄生虫 parasite', ''),
(458, 10, '简', 'jiǎn', '简单 jiǎndān simple; 简体字 simple form character', ''),
(459, 10, '筒', 'tǒng', 'tube; 电筒 diàntǒng flashlight', ''),
(460, 10, '特', 'tè', '(特别 tèbié) special; 特点 tèdiǎn characteristic', ''),
(461, 10, '却', 'què', 'however', ''),
(462, 10, '拍', 'pāi', 'clap; paddle; 乒乓拍', ''),
(463, 10, '程', 'chéng', '过程 process; 工程 engineering; 程度 extent', ''),
(464, 10, '产', 'chǎn', '(产生 chǎnshēng) produce; 产品 chǎnpǐn product', ''),
(465, 10, '裹', 'guǒ', 'bind, wrap; 包裹 bundle, package', ''),
(466, 10, '陆', 'lù', 'land; 大陆 continent   [liù] six ( = 六)', ''),
(467, 10, '联', 'lián', 'unite, join; 联系 liánxì contact', ''),
(468, 10, '糖', 'táng', 'sugar; (糖果 tángguǒ) candy; 糖醋 tángcù sweet & sour', ''),
(469, 10, '饼', 'bǐng', 'cake; 饼干 cracker, cookie', ''),
(470, 10, '称', 'chēng', 'weigh; name  [chèn] 对称 duìchèn symmetric', ''),
(471, 10, '丢', 'diū', 'lose, misplace', ''),
(472, 11, '游', 'yóu', '(游泳 yóuyǒng) swim; (旅游 lǚyóu) travel', ''),
(473, 11, '览', 'lǎn', '展览 zhǎnlǎn exhibition; 游览 yóulǎn go sightseeing', ''),
(474, 11, '许', 'xǔ', 'allow; 许多 xǔduō a lot; 也许 yěxǔ perhaps  [hǔ]', ''),
(475, 11, '胜', 'shèng', '(胜利 shènglì) victory, triumph, win', ''),
(476, 11, '迹', 'jì', '(痕迹 hénjì) mark, trace, vestige; 奇迹 qíjì miracle', ''),
(477, 11, '故', 'gù', 'cause; therefore; 故事 gùshi story; 故意 gùyì on purpose', ''),
(478, 11, '挤', 'jǐ', 'squeeze; crowd; push, jostle; 拥挤 yōngjǐ crowded', ''),
(479, 11, '度', 'dù', 'degree, extent; 制度 system   [duó] 猜度 cāiduó surmise', ''),
(480, 11, '筑', 'zhù', 'build, construct; 建筑学 architecture  [Zhú]', ''),
(481, 11, '窄', 'zhǎi', 'narrow', ''),
(482, 11, '妙', 'miào', 'wonderful; subtle; 莫名其妙', ''),
(483, 11, '龄', 'líng', '(年龄) age; duration', ''),
(484, 11, '珠', 'zhū', '(珠子 zhūzi) pearl; bead; 眼珠子 eyeball; 泪珠 teardrop', ''),
(485, 11, '狠', 'hěn', 'ruthless', ''),
(486, 11, '瞪', 'dèng', 'open (one''s eyes) wide, stare, glare; 瞪眼', ''),
(487, 11, '湖', 'hú', 'lake; 湖泊 húpō lakes; 湖南 Hunan; 湖北 Hubei', ''),
(488, 11, '划', 'huá', 'row (a boat) (F劃) scratch [huà] (F劃) (计划 jìhuà) plan (F畫)', ''),
(489, 11, '墙', 'qiáng', '(墙壁 qiángbì) wall', ''),
(490, 11, '印', 'yìn', '(印刷 yìnshuā) print; (印章 yìnzhāng) seal', ''),
(491, 11, '象', 'xiàng', 'appearance; (大象 dàxiàng) elephant', ''),
(492, 11, '深', 'shēn', 'deep; 深刻 shēnkè profound; 深夜 shēnyè late at night', ''),
(493, 11, '陵', 'líng', 'hill, mound; tomb; 十三陵 the 13 Ming tombs', ''),
(494, 11, '幕', 'mù', 'curtain; act (of play); 屏幕 píngmù screen', ''),
(495, 11, '壮', 'zhuàng', 'robust, magnificent; 壮丽 majestic; 壮族', ''),
(496, 11, '观', 'guān', 'view;  Contemplation    [guàn] 道观 temple', ''),
(497, 11, '催', 'cuī', 'urge, hurry, hasten', ''),
(498, 11, '恋', 'liàn', '恋爱 love (as in love affair)', ''),
(499, 11, '舍', 'shè', '宿舍 sùshè dormitory  [shě] (F捨) give up, abandon; 舍不得', ''),
(500, 11, '突', 'tū', 'charge forward; stick out; 突然 tūrán suddenly', ''),
(501, 11, '葬', 'zàng', '(埋葬 máizàng) bury (the dead); 葬礼 funeral', ''),
(502, 11, '忍', 'rěn', 'endure, tolerate; 忍不住 can''t bear; can''t resist', ''),
(503, 11, '哈', 'hā', '(sound of laughter, etc)  [hǎ] [hà] [ha]', ''),
(504, 11, '笑', 'xiào', 'laugh', ''),
(505, 11, '伟', 'wěi', '(伟大) great, mighty; 宏伟 hóngwěi, 雄伟 xióngwěi grand', ''),
(506, 11, '碑', 'bēi', 'upright stone tablet (monument, etc); 墓碑 tombstone', ''),
(507, 11, '媳', 'xí', '媳妇 xífù daughter-in-law; 童养媳 tóngyǎngxí child bride', ''),
(508, 11, '妇', 'fù', '(妇女 fùnǚ) woman; 夫妇 fūfù married couple', ''),
(509, 11, '秘', 'mì', '秘密 mìmì secret; 秘书 secretary  [bì] 秘鲁 Peru', ''),
(510, 11, '密', 'mì', 'thick, dense', ''),
(511, 11, '敬', 'jìng', '(尊敬 zūnjìng) respect', ''),
(512, 11, '祝', 'zhù', 'express good wishes; 庆祝 qìngzhù celebrate; 祝贺 congrat.', ''),
(513, 11, '夫', 'fū', 'man; 丈夫 husband; 工夫 skill; 大夫 dàifu doctor  [fú]', ''),
(514, 11, '庙', 'miào', 'temple', ''),
(515, 11, '秦', 'Qín', 'the Qin (Ch''in) Dynasty, 221-207 B.C. (Qín --> China)', ''),
(516, 11, '淮', 'Huái', 'a river in 河南 and 安徽', ''),
(517, 11, '玄', 'xuán', 'black, dark; profound, abstruse; 玄学 metaphysics', ''),
(518, 11, '武', 'wǔ', 'military; 武器 wǔqì weapon; 武术 wǔshù martial arts', ''),
(519, 11, '孙', 'sūn', 'grandchild; 子孙 descendants; 孙悟空; 孙中山', ''),
(520, 11, '杨', 'yáng', 'poplar tree; 三角叶杨 cottonwood', ''),
(521, 11, '妃', 'fēi', 'imperial concubine; wife of prince etc.', ''),
(522, 11, '池', 'chí', '(池塘 chítáng) pool; 游泳池 swimming pool; 电池 battery', ''),
(523, 12, '晨', 'chén', '(早晨 zǎochen) morning', ''),
(524, 12, '荷', 'hé', 'lotus; 荷花 lotus flower  [hè] carry; load', ''),
(525, 12, '戴', 'dài', 'put on; 戴眼镜; 戴上帽子', ''),
(526, 12, '俗', 'sú', 'common, rustic, vulgar; custom; 俗话 proverb, saying', ''),
(527, 12, '惯', 'guàn', 'be used to; 习惯 xíguàn be used to; habit; custom', ''),
(528, 12, '丰', 'fēng', 'good-looking  (F豐)  Abundance; 丰富 fēngfù abundant', ''),
(529, 12, '鸡', 'jī', 'chicken; 宫保鸡丁 Kung Pao Chicken', ''),
(530, 12, '鸭', 'yā', '(鸭子 yāzi) duck; 唐老鸭 Donald Duck', ''),
(531, 12, '根', 'gēn', 'root; 根本 gēnběn foundation; (not) at all', ''),
(532, 12, '端', 'duān', 'hold sth. level with both hands; extremity, end', ''),
(533, 12, '粽', 'zòng', '(粽子) delicious 糯米 wrapped in leaves.', ''),
(534, 12, '表', 'biǎo', 'show; list, table; (F錶) (wrist-)watch', ''),
(535, 12, '际', 'jì', '(边际 biānjì) boundary; 实际 reality; 国际 international', ''),
(536, 12, '忧', 'yōu', 'worry; grieve; 忧郁 yōuyù sad; 忧虑 worry about', ''),
(537, 12, '投', 'tóu', 'throw; 投票 tóupiào vote', ''),
(538, 12, '江', 'jiāng', 'river; 长江 Yang-tse; 江山 landscape', ''),
(539, 12, '杀', 'shā', 'kill', ''),
(540, 12, '诗', 'shī', 'poem; 诗人 shīrén poet', ''),
(541, 12, '精', 'jīng', 'perfect; 精神 spirit, essence; 酒精 alcohol', ''),
(542, 12, '神', 'shén', 'spirit, god; 精神 jīngshén spirit; essence', ''),
(543, 12, '祭', 'jì', 'sacrifice; 祭器 jìqì sacrificial utensil', ''),
(544, 12, '祀', 'sì', 'offer sacrifices to the gods or spirits of the dead', ''),
(545, 12, '竹', 'zhú', 'bamboo', ''),
(546, 12, '筒', 'tǒng', 'tube; 电筒 diàntǒng flashlight', ''),
(547, 12, '龙', 'lóng', 'dragon; 恐龙 kǒnglóng dinosaur', ''),
(548, 12, '舟', 'zhōu', 'boat', ''),
(549, 12, '征', 'zhēng', 'journey; 长征 Long March; attack; (F徵) evidence; levy', ''),
(550, 12, '恐', 'kǒng', '(恐怕 kǒngpà) I''m afraid; 恐怖 kǒngbù terror', ''),
(551, 12, '救', 'jiù', 'help, rescue; 救命 jiùmìng! Help!', ''),
(552, 12, '鞭', 'biān', 'whip', ''),
(553, 12, '炮', 'pào', 'cannon; 炮弹 shell  [bāo] quick-fry  [páo] 炮制 concoct', ''),
(554, 12, '拜', 'bài', 'honor, worship; 礼拜 lǐbài week   [bái] 拜拜 bye-bye', ''),
(555, 12, '压', 'yā', 'press; pressure    [yà]', ''),
(556, 12, '农', 'nóng', '(农民 nóngmín) farmer, peasant; 农业 agriculture', ''),
(557, 12, '宵', 'xiāo', 'night; 通宵 tōngxiāo throughout the night; 元宵节 Lantern Festival', ''),
(558, 12, '灯', 'dēng', 'lamp', ''),
(559, 12, '圆', 'yuán', 'round; circle; (sometimes used for 元 dollar)', ''),
(560, 12, '团', 'tuán', 'ball, lump; group; 团结 unite', ''),
(561, 12, '尽', 'jìn', '(F盡) use up  [jǐn] (F儘) to max extent; 尽管 even though', ''),
(562, 12, '院', 'yuàn', 'courtyard; 学院 college; 医院 hospital; 法院 court', ''),
(563, 12, '饼', 'bǐng', 'cake; 饼干 cracker, cookie', ''),
(564, 12, '赏', 'shǎng', 'reward; admire; 欣赏 xīnshǎng enjoy, appreciate', ''),
(565, 12, '端', 'duān', 'hold sth. level with both hands; extremity, end', ''),
(566, 12, '楚', 'chu', '清楚 qīngchu clear   [chǔ] 苦楚 kǔchǔ misery', ''),
(567, 12, '屈', 'qū', 'bend; submit; injustice; 屈服 yield; 委屈 feel wronged', ''),
(568, 13, '寂', 'jì', '寂寞 jìmò lonely; 寂静 quiet (place); 沉寂 quiet', ''),
(569, 13, '寞', 'mò', '寂寞 jìmò lonely', ''),
(570, 13, '重', 'zhòng', '(沉重) heavy; 重要 important  [chóng] again', ''),
(571, 13, '输', 'shū', 'transport; lose (cf 赢 win)', ''),
(572, 13, '失', 'shī', 'lose; 失败 shībài be defeated', ''),
(573, 13, '强', 'qiáng', 'strong  [qiǎng] strive  [jiàng] 倔强 juéjiàng stubborn', ''),
(574, 13, '速', 'sù', 'fast; 速度 sùdù speed', ''),
(575, 13, '度', 'dù', 'degree, extent; 制度 system   [duó] 猜度 cāiduó surmise', ''),
(576, 13, '练', 'liàn', 'white silk; (练习 liànxí) practice', ''),
(577, 13, '富', 'fù', '(富有 fùyǒu) rich; 丰富 fēngfù abundant; 财富 wealth', ''),
(578, 13, '领', 'lǐng', 'to lead; collar; 领导, 领袖 leader; 本领 ability', ''),
(579, 13, '追', 'zhuī', 'pursue', ''),
(580, 13, '紧', 'jǐn', 'tight; 紧张 jǐnzhāng tense; 要紧 yàojǐn important', ''),
(581, 13, '秒', 'miǎo', 'second (1/60 of a 分 minute)', ''),
(582, 13, '赢', 'yíng', 'win', ''),
(583, 13, '决', 'jué', '解决 jiějué resolve; 决定 juédìng decide', ''),
(584, 13, '倒', 'dǎo', 'fall down   [dào] backwards; pour; contrary to expectations ①fall over; topple', ''),
(585, 13, '精', 'jīng', 'perfect; 精神 spirit, essence; 酒精 alcohol', ''),
(586, 13, '彩', 'cǎi', '(色彩 sècǎi) color; 彩色 cǎisè multicolor', ''),
(587, 13, '封', 'fēng', 'to seal; 封建 feudal; 信封 envelope', ''),
(588, 13, '展', 'zhǎn', 'spread out; 发展 develop; 展览 exhibit', ''),
(589, 13, '牌', 'pái', 'tablet; brand; cards; dominoes: 牌子 sign', ''),
(590, 13, '此', 'cǐ', 'this; 如此 like this (=这样); 此地 here (=这里)\\', ''),
(591, 13, '感', 'gǎn', '(感觉) feel; (感情) emotion', ''),
(592, 13, '骄', 'jiāo', '骄傲 jiāo''ào arrogant, proud', ''),
(593, 13, '傲', 'ào', '(骄傲 jiāo''ào) proud, arrogant', ''),
(594, 13, '整', 'zhěng', '(整个) whole; 调整 tiáozhěng adjust; 整齐 zhěngqí neat', ''),
(595, 13, '光', 'guāng', 'light; merely; 阳光 sunlight; 光荣 glory', ''),
(596, 13, '荣', 'róng', '(光荣, 荣誉) glory, honor', ''),
(597, 13, '际', 'jì', '(边际 biānjì) boundary; 实际 reality; 国际 international', ''),
(598, 13, '取', 'qǔ', 'take, get, fetch', ''),
(599, 13, '成', 'chéng', '(成为, 变成) become; 成功 succeed; 完成 perfect', ''),
(600, 13, '绩', 'jì', '成绩 grade, achievement; 功绩 merits & achievements', ''),
(601, 13, '庆', 'qìng', '庆祝 celebrate; 庆贺 congratulate; 庆幸 rejoice', ''),
(602, 13, '参', 'cān', '参加 participate  [shēn] 人参 ginseng  [cēn] 参差', ''),
(603, 13, '益', 'yì', '(利益 lìyì) advantage, profit;  Increase', ''),
(604, 13, '誉', 'yù', 'praise; 荣誉 róngyù honor; 名誉 míngyù fame', ''),
(605, 13, '奥', 'ào', '奥秘 àomì secret, mystery; 奥妙 àomiào profound, secret', ''),
(606, 13, '匹', 'pǐ', '(量) measure word for horses: 三匹马 3 horses', ''),
(607, 13, '克', 'kè', '(克服 kèfú) overcome; gram; (F剋) 克期 set time limit  [kēi] (=剋)', ''),
(608, 14, '庭', 'tíng', '家庭 jiātíng family; 法庭 court; 庭院 courtyard', ''),
(609, 14, '赚', 'zhuàn', 'gain, profit    [zuàn] cheat', ''),
(610, 14, '铁', 'tiě', 'iron (Fe)', ''),
(611, 14, '碗', 'wǎn', 'bowl', ''),
(612, 14, '技', 'jì', '技术 technology, technique; 科技 science & technology', ''),
(613, 14, '术', 'shù', 'skill; (艺术 yìshù) art; 技术 technique  [zhú]', ''),
(614, 14, '独', 'dú', 'only, alone; 独立 dúlì independent', ''),
(615, 14, '立', 'lì', 'stand; 建立 establish; 立刻 right away; 立方体 cube', ''),
(616, 14, '叔', 'shū', '(叔叔 shūshu) uncle', ''),
(617, 14, '首', 'shǒu', 'head; 首先 first of all; 首都 capital (of country)', ''),
(618, 14, '结', 'jié', 'tie; 结果 jiéguǒ result; 结婚 marry  [jiē] bear fruit', ''),
(619, 14, '婚', 'hūn', '(结婚) marry; 婚礼 wedding; 婚姻 marriage', ''),
(620, 14, '嘛', 'ma', '[má] (particle)', ''),
(621, 14, '操', 'cāo', 'conduct; grasp; 操纵 cāozòng operate  [cào]', ''),
(622, 14, '世', 'shì', 'generation; (世界 shìjiè) world; 世纪 shìjì century', ''),
(623, 14, '退', 'tuì', 'go backwards; (后退 hòutuì) retreat; 撤退 chètuì withdraw', ''),
(624, 14, '休', 'xiū', 'stop; (休息 xiūxi) rest; 退休 retire; 休养所 rest hom', ''),
(625, 14, '伴', 'bàn', 'accompany; 伙伴, 同伴 companion', ''),
(626, 14, '嫂', 'sǎo', '(大嫂 dàsǎo) elder brother''s wife, sister-in-law', ''),
(627, 14, '丢', 'diū', 'lose, misplace', ''),
(628, 14, '冲', 'chōng', '(F沖) rinse; rush; (F衝) rush  [chòng] (F衝) towards', ''),
(629, 14, '婆', 'pó', 'old lady; 老婆 wife', ''),
(630, 14, '媳', 'xí', '媳妇 xífù daughter-in-law; 童养媳 tóngyǎngxí child bride', ''),
(631, 14, '绩', 'jì', '成绩 grade, achievement; 功绩 merits & achievements', ''),
(632, 14, '钢', 'gāng', 'steel; 钢笔 fountain pen; 钢琴 piano  [gàng] sharpen', ''),
(633, 14, '琴', 'qín', 'musical instrument; 钢琴 piano; 小提琴 violin', ''),
(634, 14, '画', 'huà', 'draw; picture', ''),
(635, 14, '骂', 'mà', 'curse; 妈妈骂马吗? Does mama curse the horse?', ''),
(636, 14, '懒', 'lǎn', 'lazy, sluggish; 伸懒腰 stretch', ''),
(637, 14, '奶', 'nǎi', 'breasts; milk', ''),
(638, 14, '状', 'zhuàng', '(状态, 状况) condition, state of affairs', ''),
(639, 14, '抽', 'chōu', 'take out; shrink; whip; 抽烟 smoke tobacco', ''),
(640, 14, '架', 'jià', 'frame, rack, shelf; put up; (量): 一架飞机', ''),
(641, 14, '居', 'jū', '(居住 jūzhù) live, reside; 居民 resident; 居然 unexpectedly', ''),
(642, 14, '惠', 'huì', '恩惠 ēnhuì favor, kindness; 贤惠 xiánhuì virtuous (女)', ''),
(643, 14, '敏', 'mǐn', '敏捷 mǐnjié agile; 敏感 sensitive; 敏锐 acute', ''),
(644, 14, '玲', 'líng', '玲珑 línglóng clever & nimble', ''),
(645, 15, '平', 'píng', 'level, even; 水平 shuǐpíng level; 和平 hépíng peace', ''),
(646, 15, '等', 'děng', 'equal; class; wait; et cetera (etc.)', ''),
(647, 15, '怀', 'huái', 'bosom; cherish; 怀疑 suspect; 怀念 cherish memory', ''),
(648, 15, '孕', 'yùn', '怀孕 pregnant; 受孕 conceive; 避孕 contraception', ''),
(649, 15, '辞', 'cí', 'take leave; diction, poetry, language', ''),
(650, 15, '主', 'zhǔ', 'lord, master; (主要 zhǔyào) main; 主义 zhǔyì -ism', ''),
(651, 15, '护', 'hù', '(保护 bǎohù) guard, protect; 护士 hùshi nurse', ''),
(652, 15, '社', 'shè', '(社会 shèhuì) society', ''),
(653, 15, '丈', 'zhàng', '(length:) 3 1/3 meters; 丈夫 zhàngfu husband', ''),
(654, 15, '职', 'zhí', 'duty; 职工 staff; 职业 zhíyè occupation', ''),
(655, 15, '解', 'jiě', 'separate; explain  [Xiè] (surname) [jiè] 解送', ''),
(656, 15, '薪', 'xīn', '薪水 salary', ''),
(657, 15, '歧', 'qí', '(of roads:) fork, branch; divergent; 歧视 discriminate', ''),
(658, 15, '随', 'suí', 'follow;  Following; 随便 suíbiàn as you like', ''),
(659, 15, '断', 'duàn', 'cut off; 不断 búduàn unceasing; 判断 pànduàn judge', ''),
(660, 15, '务', 'wù', '任务 rènwu task; 服务 fúwù service', ''),
(661, 15, '戚', 'qī', '亲戚 qīnqī relative; 休戚 xiū-qī joy and sorrow', ''),
(662, 15, '模', 'mó', '模范 model; 模仿 imitate  [mú] 模样 appearance; 模子', ''),
(663, 15, '范', 'fàn', '(surname); (F範) 范围 scope, range; 模范 model, fine example', ''),
(664, 15, '贴', 'tiē', 'stick, paste, glue; stay close to', ''),
(665, 15, '鼠', 'shǔ', '(老鼠 lǎoshǔ) mouse, rat; 鼠年 Year of Rat (1st year)', ''),
(666, 15, '猫', 'māo', 'cat; 熊猫 panda; 猫头鹰 owl   [máo] 猫腰', ''),
(667, 15, '概', 'gài', '大概 roughly, most likely; 概念 concept; 气概 spirit', ''),
(668, 15, '轻', 'qīng', 'light (cf 重 heavy)', ''),
(669, 15, '嫁', 'jià', '(of a woman:) marry', ''),
(670, 15, '姻', 'yīn', 'marriage; 婚姻 hūnyīn marriage; in-law', ''),
(671, 15, '腹', 'fù', 'belly, stomach, abdomen; 腹地 hinterland', ''),
(672, 15, '甚', 'shèn', 'very; 甚至 shènzhì even, go so far as to [shén] (=什)', ''),
(673, 15, '变', 'biàn', 'change; 变成 become; 变化 variation; 改变 alter', ''),
(674, 15, '市', 'shì', '(市场 shìchǎng) market; (城市 chéngshì) city, town', ''),
(675, 15, '酬', 'chóu', '酬谢 chóuxiè thank with a gift; 报酬 bàochou reward', ''),
(676, 15, '改', 'gǎi', '(改变 gǎibiàn) change; 改革 gǎigé reform', ''),
(677, 15, '革', 'gé', 'leather; 革命 gémìng revolution; 改革 reform;   [jí] 病革', ''),
(678, 15, '升', 'shēng', 'liter; rise, ascend;  Pushing Upward', ''),
(679, 15, '数', 'shù', 'number; 数学 math  [shǔ] count  [shuò]', ''),
(680, 15, '显', 'xiǎn', 'appear; 显然 xiǎnrán obvious', ''),
(681, 15, '减', 'jiǎn', 'subtract; 减少 jiǎnshǎo decrease', ''),
(682, 15, '顾', 'gù', '(照顾 zhàogu) look after; 顾客 gùkè customer', ''),
(683, 15, '妻', 'qī', '(妻子 qīzi) wife', ''),
(684, 15, '朝', 'cháo', 'towards; dynasty; 朝鲜 Cháoxiān Korea  [zhāo] (morning)', ''),
(685, 15, '管', 'guǎn', 'tube; (管理 guǎnlǐ) manage; 不管 bùguǎn no matter', ''),
(721, 16, '严', 'yán', 'severe, stern', 'The full form 嚴 is composed of two 口 (kǒu) mouths, and 厂 which is a cliff or a cave, and 敢 gǎn phonetic. The simple form 严 is drastically abbreviated.\r\n	敢 gǎn ''dare'' depicts someone 攵 attacking a 熊 bear. An obsolete character formed of 厂 over 敢, without the 口口, was also pronounced yán. According to Karlgren it meant "lofty mountain".\r\n	"To attack a bear in its 厂 cavern, which operation does not go without 口口 cries and howlings... a severe injunction of a superior made, in the Chinese way, with great cries" --Wieger.'),
(720, 16, '脏', 'zāng', '(F髒) dirty  [zàng] (F臟) 心脏 heart', 'There is a single simple form 脏, which is composed of 月(肉 ròu) ''flesh'' and 庄 zhuāng phonetic.\r\n	There are two full form characters 髒 zāng and 臟 zàng.\r\n	髒 zāng ''dirty'' is from 骨 (gǔ) ''bone'' and 葬 zàng (''bury'') phonetic.\r\n	臟 zàng ''viscera'' is from 月(肉 ròu) ''flesh'' and 藏 cáng ''hide'', with which it is cognate:\r\n	"(The hidden parts:) entrails, viscera" --Karlgren.'),
(719, 16, '制', 'zhì', '(制度) system; (控制) control; (F製)(制造) manufacture', 'The left side is derived from 未 (wèi), a tree with many branches, written in a slightly different way. The right side is 刂(刀 dāo) ''knife''.\r\n	"To 刀 trim a large tree with many branches" --Karlgren.\r\n	Among full form characters, a distinction is made between 制 zhì and 製 zhì, although they are etymologically the same word; the form 製 is used when the meaning is ''manufacture''. Among simple form characters only 制 occurs.'),
(718, 16, '疗', 'liáo', 'treat, cure; 疗法 therapy', 'From 疒 (nì) ''sick'''' and (full form:) 尞 liáo or (simple form:)了 liǎo phonetic.'),
(717, 16, '与', 'yǔ', 'and  [yù] 参与 cānyù participate in  [yú]', 'Originally from 一 (yī) ''one'' and 勺 (sháo) ''spoon''. The meaning was ''give, grant''; possibly to give one spoonful of food to a child.\r\n	The full form 與 was made by adding 舁 yú ''lift'' (two pairs of hands) to 与. 舁 yú was phonetic; two pairs of hands also could depict the giver and the receiver.\r\n	Compare 兴(興) xìng (the full forms are similar).'),
(722, 16, '穷', 'qióng', 'poor; 无穷 wúqióng infinite', 'The full form 窮 is composed of 穴 (xué) ''hole'' and 躬 gōng phonetic. In the simple form 穷 the bottom is reduced to 力 (lì).'),
(723, 16, '至', 'zhì', 'to, until; 甚至 shènzhì even; 至少 zhìshǎo at least', '"Picture of an arrow that has reached its target" --Lindqvist.\r\n	至 was originally exactly 矢 shǐ ''arrow'' upside-down above a horizontal line.'),
(724, 16, '政', 'zhèng', '政府 zhèngfǔ government; 政治 zhèngzhì politics', 'From 正 zhèng ''correct'' and 攵(攴 pū) ''strike, beat''.\r\n	政 zhèng is etymologically the same word as 正 zhèng.'),
(725, 16, '府', 'fǔ', '政府 zhèngfǔ government', 'From 广 (guǎng) ''building'' and 付 fù (''pay'') phonetic.'),
(726, 16, '竟', 'jìng', 'finish; (竟然) unexpectedly; 究竟 after all', 'From 音 (yīn) ''sound'' and 儿(人 rén) ''person''.\r\n	The 音 song is over? Compare 竞 jìng.'),
(727, 16, '伤', 'shāng', 'wound, injury; injure', 'The left side is 亻(人 rén) ''person''. The right side of the full form 傷 is  over 昜, deriving from 矢 (shǐ) ''arrow'' signific, over 昜 yáng phonetic. The simple form 伤 has 力 (lì ''strength'') in place of 昜.'),
(728, 16, '替', 'tì', 'in place of; (代替 dàitì) replace, substitute', 'One 夫 (fū) man 曰 (yuē) speaking on behalf of, in place of, another 夫 man. (Originally it was two 立 people standing on top, and sometimes the bottom was 自 zì rather than 曰 yuē.)'),
(729, 16, '制', 'zhì', '(制度) system; (控制) control; (F製)(制造) manufacture', 'The left side is derived from 未 (wèi), a tree with many branches, written in a slightly different way. The right side is 刂(刀 dāo) ''knife''.\r\n	"To 刀 trim a large tree with many branches" --Karlgren.\r\n	Among full form characters, a distinction is made between 制 zhì and 製 zhì, although they are etymologically the same word; the form 製 is used when the meaning is ''manufacture''. Among simple form characters only 制 occurs.'),
(730, 16, '毫', 'háo', 'long fine hair; milli-; 毫不 not at all', 'From (高) gāo phonetic over 毛 (máo) ''hair''; the bottom 口 of 高 is replaced by 毛.');

-- --------------------------------------------------------

--
-- Table structure for table `decks`
--

DROP TABLE IF EXISTS `decks`;
CREATE TABLE `decks` (
  `id` int(10) NOT NULL auto_increment,
  `name` varchar(255) NOT NULL,
  PRIMARY KEY  (`id`)
) ENGINE=MyISAM  DEFAULT CHARSET=utf8 AUTO_INCREMENT=17 ;

--
-- Dumping data for table `decks`
--

INSERT INTO `decks` (`id`, `name`) VALUES
(1, 'Lesson 1'),
(2, 'Lesson 2'),
(3, 'Lesson 3'),
(4, 'Lesson 4'),
(5, 'Lesson 5'),
(6, 'Lesson 6'),
(7, 'Lesson 7'),
(8, 'Lesson 8'),
(9, 'Lesson 9'),
(10, 'Lesson 10'),
(11, 'Lesson 11'),
(12, 'Lesson 12'),
(13, 'Lesson 13'),
(14, 'Lesson 14'),
(15, 'Lesson 15'),
(16, 'Lesson 16');

-- --------------------------------------------------------

--
-- Table structure for table `sessions`
--

DROP TABLE IF EXISTS `sessions`;
CREATE TABLE `sessions` (
  `session_id` varchar(40) collate latin1_general_ci NOT NULL default '0',
  `session_start` int(10) unsigned NOT NULL default '0',
  `session_last_activity` int(10) unsigned NOT NULL default '0',
  `session_ip_address` varchar(16) collate latin1_general_ci NOT NULL default '0',
  `session_user_agent` varchar(50) collate latin1_general_ci NOT NULL,
  `session_data` text collate latin1_general_ci NOT NULL,
  PRIMARY KEY  (`session_id`)
) ENGINE=MyISAM DEFAULT CHARSET=latin1 COLLATE=latin1_general_ci;

--
-- Dumping data for table `sessions`
--

INSERT INTO `sessions` (`session_id`, `session_start`, `session_last_activity`, `session_ip_address`, `session_user_agent`, `session_data`) VALUES
('7b65f9b14e89d0ebe8e60a8bcfa6578a', 1204767453, 1204769465, '127.0.0.1', 'Mozilla/5.0 (Windows; U; Windows NT 5.1; en-US; rv', 'a:2:{s:10:"learn_deck";i:16;s:7:"flipped";b:1;}');

-- --------------------------------------------------------

--
-- Table structure for table `users`
--

DROP TABLE IF EXISTS `users`;
CREATE TABLE `users` (
  `id` int(10) NOT NULL auto_increment,
  `username` varchar(100) NOT NULL,
  `key` varchar(100) NOT NULL,
  `value` varchar(100) NOT NULL,
  `attribute` varchar(50) NOT NULL,
  PRIMARY KEY  (`id`)
) ENGINE=MyISAM DEFAULT CHARSET=utf8 AUTO_INCREMENT=1 ;

--
-- Dumping data for table `users`
--


-- --------------------------------------------------------

--
-- Table structure for table `user_progress`
--

DROP TABLE IF EXISTS `user_progress`;
CREATE TABLE `user_progress` (
  `id` int(100) NOT NULL auto_increment,
  `card_id` int(100) NOT NULL,
  `flipped` tinyint(1) NOT NULL default '0',
  `answer_rating` float NOT NULL default '0',
  `next_repetition_date` int(10) NOT NULL,
  `interval` int(10) NOT NULL default '0',
  `repetitions_to_memorize` int(10) NOT NULL default '0',
  PRIMARY KEY  (`id`)
) ENGINE=MyISAM  DEFAULT CHARSET=utf8 AUTO_INCREMENT=447 ;

--
-- Dumping data for table `user_progress`
--

INSERT INTO `user_progress` (`id`, `card_id`, `flipped`, `answer_rating`, `next_repetition_date`, `interval`, `repetitions_to_memorize`) VALUES
(1, 449, 0, 5, 1200445285, 1, 1),
(2, 449, 1, 0, 1200540151, 1, 0),
(3, 458, 0, 0, 1200445609, 1, 0),
(4, 458, 1, 0, 1200713079, 1, 0),
(5, 454, 0, 0, 1200441095, 1, 0),
(6, 454, 1, 5, 1200713677, 1, 1),
(7, 457, 0, 0, 1200531995, 1, 0),
(8, 457, 1, 0, 1200713397, 1, 0),
(9, 468, 0, 0, 1200445544, 1, 0),
(10, 468, 1, 0, 1200627274, 1, 0),
(11, 470, 0, 0, 1200531070, 1, 0),
(12, 470, 1, 0, 1200626723, 1, 0),
(13, 462, 0, 0, 1200531930, 1, 0),
(14, 462, 1, 0, 1200713394, 1, 0),
(15, 460, 0, 0, 1200527698, 1, 0),
(16, 460, 1, 0, 1200626650, 1, 0),
(17, 459, 0, 0, 1200531813, 1, 0),
(18, 459, 1, 0, 1200713063, 1, 0),
(19, 448, 0, 0, 1200527498, 1, 0),
(20, 448, 1, 0, 1200713089, 1, 0),
(21, 455, 0, 0, 1200441503, 1, 0),
(22, 455, 1, 0, 1200713606, 1, 0),
(23, 463, 0, 0, 1200445569, 1, 0),
(24, 463, 1, 0, 1200627158, 1, 0),
(25, 456, 0, 0, 1200445553, 1, 0),
(26, 456, 1, 0, 1200713108, 1, 0),
(27, 466, 0, 0, 1200359127, 1, 0),
(28, 466, 1, 0, 1200627173, 1, 0),
(29, 471, 0, 0, 1200445507, 1, 0),
(30, 471, 1, 0, 1200712631, 1, 0),
(31, 451, 0, 0, 1200445451, 1, 0),
(32, 451, 1, 5, 1200713487, 1, 1),
(33, 467, 0, 0, 1200531992, 1, 0),
(34, 467, 1, 0, 1200627071, 1, 0),
(35, 447, 0, 0, 1200531973, 1, 0),
(36, 447, 1, 0, 1200713549, 1, 0),
(37, 450, 0, 0, 1200531764, 1, 0),
(38, 450, 1, 0, 1200713094, 1, 0),
(39, 453, 0, 0, 1200531206, 1, 0),
(40, 453, 1, 0, 1200713085, 1, 0),
(41, 464, 0, 0, 1200445548, 1, 0),
(42, 464, 1, 0, 1200713576, 1, 0),
(43, 446, 0, 0, 1200532006, 1, 0),
(44, 446, 1, 0, 1200713431, 1, 0),
(45, 465, 0, 0, 1200445541, 1, 0),
(46, 465, 1, 0, 1200713138, 1, 0),
(47, 469, 0, 0, 1200531745, 1, 0),
(48, 469, 1, 0, 1200712931, 1, 0),
(49, 452, 0, 0, 1200359222, 1, 0),
(50, 452, 1, 0, 1200712427, 1, 0),
(51, 461, 0, 0, 1200618377, 1, 0),
(52, 461, 1, 0, 1200713578, 1, 0),
(53, 478, 0, 0, 1201747584, 2, 0),
(54, 478, 1, 0, 1201838123, 2, 0),
(55, 474, 0, 0, 1201747697, 2, 0),
(56, 474, 1, 0, 1201837210, 2, 0),
(57, 479, 0, 0, 1201661439, 2, 0),
(58, 479, 1, 0, 1201838304, 2, 0),
(59, 475, 0, 0, 1201745870, 2, 0),
(60, 475, 1, 0, 1201837553, 2, 0),
(61, 473, 0, 0, 1202609464, 3, 0),
(62, 473, 1, 0, 1201837748, 2, 0),
(63, 477, 0, 0, 1201745705, 2, 0),
(64, 477, 1, 0, 1201838257, 2, 0),
(65, 472, 0, 0, 1201767724, 2, 0),
(66, 472, 1, 0, 1201837581, 2, 0),
(67, 480, 0, 0, 1201745045, 2, 0),
(68, 480, 1, 0, 1201838306, 2, 0),
(69, 476, 0, 0, 1201747746, 2, 0),
(70, 476, 1, 0, 1201837203, 2, 0),
(71, 481, 0, 0, 1202609682, 3, 0),
(72, 481, 1, 0, 1201837599, 2, 0),
(73, 504, 0, 0, 1201423373, 1, 0),
(74, 504, 1, 0, 1201492124, 1, 0),
(75, 498, 0, 0, 1201229420, 1, 0),
(76, 498, 1, 0, 1201406007, 1, 0),
(77, 512, 0, 0, 1201426462, 1, 0),
(78, 512, 1, 0, 1201491666, 1, 0),
(79, 489, 0, 0, 1201315842, 1, 0),
(80, 489, 1, 0, 1201406382, 1, 0),
(81, 509, 0, 0, 1201402185, 1, 0),
(82, 509, 1, 0, 1201492779, 1, 0),
(83, 511, 0, 0, 1201313695, 1, 0),
(84, 511, 1, 5, 0, 0, 2),
(85, 507, 0, 0, 1201313589, 1, 0),
(86, 507, 1, 0, 1201492176, 1, 0),
(87, 501, 0, 0, 1201399410, 1, 0),
(88, 501, 1, 0, 1201405710, 1, 0),
(89, 522, 0, 0, 1201400047, 1, 0),
(90, 522, 1, 0, 0, 0, 0),
(91, 497, 0, 0, 1201313631, 1, 0),
(92, 497, 1, 0, 1201406259, 1, 0),
(93, 519, 0, 0, 1201831835, 2, 0),
(94, 519, 1, 0, 1201492143, 1, 0),
(95, 495, 0, 0, 1201315190, 1, 0),
(96, 495, 1, 0, 1201492606, 1, 0),
(97, 514, 0, 0, 1201313511, 1, 0),
(98, 514, 1, 0, 1201491670, 1, 0),
(99, 500, 0, 0, 1201227185, 1, 0),
(100, 500, 1, 3, 0, 0, 1),
(101, 490, 0, 0, 1202609002, 3, 0),
(102, 490, 1, 0, 1201492136, 1, 0),
(103, 485, 0, 0, 1201831749, 2, 0),
(104, 485, 1, 0, 1201492746, 1, 0),
(105, 488, 0, 0, 1202611183, 3, 0),
(106, 488, 1, 0, 1201492684, 1, 0),
(107, 486, 0, 0, 1201313441, 1, 0),
(108, 486, 1, 5, 0, 0, 2),
(109, 515, 0, 0, 1201315171, 1, 0),
(110, 515, 1, 0, 1201492117, 1, 0),
(111, 487, 0, 0, 1201831980, 2, 0),
(112, 487, 1, 0, 1201491402, 1, 0),
(113, 496, 0, 0, 1201313746, 1, 0),
(114, 496, 1, 0, 1201491965, 1, 0),
(115, 503, 0, 0, 1207806788, 4, 0),
(116, 503, 1, 0, 1201492790, 1, 0),
(117, 518, 0, 0, 1201399859, 1, 0),
(118, 518, 1, 0, 1201492289, 1, 0),
(119, 513, 0, 0, 1201489015, 1, 0),
(120, 513, 1, 0, 1201491642, 1, 0),
(121, 483, 0, 0, 1201489025, 1, 0),
(122, 483, 1, 0, 1201406350, 1, 0),
(123, 492, 0, 0, 1201403189, 1, 0),
(124, 492, 1, 0, 1201406365, 1, 0),
(125, 499, 0, 0, 1201489066, 1, 0),
(126, 499, 1, 0, 1201405713, 1, 0),
(127, 502, 0, 0, 1201402785, 1, 0),
(128, 502, 1, 5, 0, 0, 2),
(129, 482, 0, 0, 1201403108, 1, 0),
(130, 482, 1, 0, 1201492298, 1, 0),
(131, 510, 0, 0, 1201316819, 1, 0),
(132, 510, 1, 0, 1201406221, 1, 0),
(133, 505, 0, 0, 1205387557, 2, 0),
(134, 505, 1, 0, 1201492554, 1, 0),
(135, 521, 0, 0, 1201489404, 1, 0),
(136, 521, 1, 0, 1201491959, 1, 0),
(137, 516, 0, 0, 1201489425, 1, 0),
(138, 516, 1, 0, 1201492303, 1, 0),
(139, 520, 0, 0, 1201489471, 1, 0),
(140, 520, 1, 0, 1201491992, 1, 0),
(141, 493, 0, 0, 1201231222, 1, 0),
(142, 493, 1, 4, 0, 0, 3),
(143, 517, 0, 0, 1201489608, 1, 0),
(144, 517, 1, 0, 1201491657, 1, 0),
(145, 491, 0, 0, 1201489615, 1, 0),
(146, 491, 1, 0, 1201492530, 1, 0),
(147, 494, 0, 0, 1201404132, 1, 0),
(148, 494, 1, 0, 1201319910, 1, 0),
(149, 484, 0, 0, 1201318547, 1, 0),
(150, 484, 1, 4, 0, 0, 1),
(151, 506, 0, 0, 1201404747, 1, 0),
(152, 506, 1, 0, 1201405996, 1, 0),
(153, 508, 0, 0, 1201404804, 1, 0),
(154, 508, 1, 0, 1201492404, 1, 0),
(155, 533, 0, 0, 1201942673, 1, 0),
(156, 533, 1, 0, 1202095873, 1, 0),
(157, 535, 0, 0, 1201919894, 1, 0),
(158, 535, 1, 0, 1202096788, 1, 0),
(159, 564, 0, 3, 0, 0, 3),
(160, 564, 1, 0, 1201924233, 1, 0),
(161, 553, 0, 5, 0, 0, 3),
(162, 553, 1, 0, 1202096614, 1, 0),
(163, 545, 0, 0, 1201986947, 1, 0),
(164, 545, 1, 0, 1202096119, 1, 0),
(165, 549, 0, 0, 1201836150, 1, 0),
(166, 549, 1, 0, 1202096157, 1, 0),
(167, 534, 0, 0, 1201986962, 1, 0),
(168, 534, 1, 0, 1202097029, 1, 0),
(169, 540, 0, 0, 1201922530, 1, 0),
(170, 540, 1, 0, 1202096536, 1, 0),
(171, 542, 0, 0, 1202007623, 1, 0),
(172, 542, 1, 0, 1202096107, 1, 0),
(173, 531, 0, 0, 1202091776, 1, 0),
(174, 531, 1, 0, 1202096633, 1, 0),
(175, 543, 0, 0, 1202005958, 1, 0),
(176, 543, 1, 0, 1202096483, 1, 0),
(177, 561, 0, 0, 0, 0, 1),
(178, 561, 1, 0, 1202010418, 1, 0),
(179, 551, 0, 0, 1201921842, 1, 0),
(180, 551, 1, 0, 1201924210, 1, 0),
(181, 525, 0, 0, 1202008450, 1, 0),
(182, 525, 1, 0, 1202096451, 1, 0),
(183, 539, 0, 5, 0, 0, 2),
(184, 539, 1, 0, 1202010645, 1, 0),
(185, 527, 0, 0, 1202091770, 1, 0),
(186, 527, 1, 0, 1202095887, 1, 0),
(187, 538, 0, 0, 1202008453, 1, 0),
(188, 538, 1, 0, 1202096305, 1, 0),
(189, 526, 0, 0, 1202006261, 1, 0),
(190, 526, 1, 0, 1202096512, 1, 0),
(191, 554, 0, 0, 1202092142, 1, 0),
(192, 554, 1, 0, 1202096298, 1, 0),
(193, 547, 0, 0, 1201836066, 1, 0),
(194, 547, 1, 0, 1202097060, 1, 0),
(195, 565, 0, 0, 1202007806, 1, 0),
(196, 565, 1, 0, 1202096808, 1, 0),
(197, 556, 0, 0, 1202008933, 1, 0),
(198, 556, 1, 0, 1202010223, 1, 0),
(199, 567, 0, 0, 1202092345, 1, 0),
(200, 567, 1, 0, 1202095782, 1, 0),
(201, 546, 0, 0, 1202092361, 1, 0),
(202, 546, 1, 0, 1202096860, 1, 0),
(203, 536, 0, 2, 0, 0, 3),
(204, 536, 1, 0, 1202095900, 1, 0),
(205, 524, 0, 5, 0, 0, 2),
(206, 524, 1, 0, 1202095753, 1, 0),
(207, 529, 0, 0, 1202092669, 1, 0),
(208, 529, 1, 0, 1202096019, 1, 0),
(209, 541, 0, 0, 1202441222, 2, 0),
(210, 541, 1, 0, 1202096460, 1, 0),
(211, 537, 0, 0, 1202008937, 1, 0),
(212, 537, 1, 0, 1202096183, 1, 0),
(213, 560, 0, 0, 1202008287, 1, 0),
(214, 560, 1, 0, 1202097015, 1, 0),
(215, 563, 0, 0, 1202093642, 1, 0),
(216, 563, 1, 0, 1202096190, 1, 0),
(217, 528, 0, 0, 1202007637, 1, 0),
(218, 528, 1, 0, 1202096174, 1, 0),
(219, 530, 0, 0, 1202094014, 1, 0),
(220, 530, 1, 0, 1202096958, 1, 0),
(221, 557, 0, 0, 1201922612, 1, 0),
(222, 557, 1, 0, 1202096526, 1, 0),
(223, 552, 0, 5, 0, 0, 2),
(224, 552, 1, 0, 1202096857, 1, 0),
(225, 558, 0, 0, 1202009009, 1, 0),
(226, 558, 1, 0, 1202095742, 1, 0),
(227, 559, 0, 0, 1202094859, 1, 0),
(228, 559, 1, 0, 1202096812, 1, 0),
(229, 566, 0, 3, 0, 0, 1),
(230, 566, 1, 0, 1202096469, 1, 0),
(231, 532, 0, 0, 1202095198, 1, 0),
(232, 532, 1, 0, 1202096954, 1, 0),
(233, 555, 0, 2, 0, 0, 1),
(234, 555, 1, 0, 1202096950, 1, 0),
(235, 550, 0, 2, 0, 0, 1),
(236, 550, 1, 0, 1202095910, 1, 0),
(237, 548, 1, 0, 1202095759, 1, 0),
(238, 548, 0, 0, 0, 0, 0),
(239, 562, 1, 0, 1201924207, 1, 0),
(240, 562, 0, 0, 0, 0, 0),
(241, 523, 1, 0, 1202096833, 1, 0),
(242, 523, 0, 0, 0, 0, 0),
(243, 544, 1, 0, 1202010663, 1, 0),
(244, 544, 0, 0, 0, 0, 0),
(245, 579, 0, 0, 1205389258, 3, 0),
(246, 579, 1, 0, 1203471572, 2, 0),
(247, 578, 0, 0, 1205302870, 3, 0),
(248, 578, 1, 0, 1203126341, 1, 0),
(249, 581, 0, 0, 1205386774, 3, 0),
(250, 581, 1, 0, 1203472731, 2, 0),
(251, 580, 0, 0, 1204608435, 2, 0),
(252, 580, 1, 0, 1203126579, 1, 0),
(253, 583, 0, 0, 1204069530, 2, 0),
(254, 583, 1, 0, 1203472976, 2, 0),
(255, 568, 0, 0, 1204608443, 2, 0),
(256, 568, 1, 0, 1202868133, 1, 0),
(257, 582, 0, 0, 1204611687, 2, 0),
(258, 582, 1, 0, 1203472447, 2, 0),
(259, 573, 0, 0, 1204611701, 2, 0),
(260, 573, 1, 0, 1203472067, 2, 0),
(261, 574, 0, 0, 1204611341, 2, 0),
(262, 574, 1, 0, 1203472798, 2, 0),
(263, 571, 0, 0, 1204606142, 2, 0),
(264, 571, 1, 0, 1203471528, 2, 0),
(265, 576, 0, 0, 1205383648, 3, 0),
(266, 576, 1, 0, 1203471469, 2, 0),
(267, 570, 0, 0, 1205386778, 3, 0),
(268, 570, 1, 0, 1203472789, 2, 0),
(269, 569, 0, 0, 1205383658, 3, 0),
(270, 569, 1, 0, 1202954615, 1, 0),
(271, 575, 0, 0, 1204608195, 2, 0),
(272, 575, 1, 0, 1203471540, 2, 0),
(273, 572, 1, 0, 1203039457, 1, 0),
(274, 572, 0, 0, 1204522816, 2, 0),
(275, 577, 1, 0, 1202954775, 1, 0),
(276, 577, 0, 0, 1204525304, 2, 0),
(277, 607, 0, 0, 1204611714, 2, 0),
(278, 607, 1, 0, 1203125963, 1, 0),
(279, 585, 0, 0, 1204606186, 2, 0),
(280, 585, 1, 0, 1203126296, 1, 0),
(281, 589, 0, 0, 1204606062, 2, 0),
(282, 589, 1, 0, 1203127114, 1, 0),
(283, 599, 0, 0, 1204611454, 2, 0),
(284, 599, 1, 0, 1203127209, 1, 0),
(285, 606, 0, 0, 1204608293, 2, 0),
(286, 606, 1, 0, 1203127026, 1, 0),
(287, 600, 0, 0, 1205383735, 3, 0),
(288, 600, 1, 0, 1203040987, 1, 0),
(289, 591, 0, 0, 1204525332, 2, 0),
(290, 591, 1, 0, 1203125955, 1, 0),
(291, 595, 0, 0, 1204608172, 2, 0),
(292, 595, 1, 0, 1203125907, 1, 0),
(293, 593, 0, 0, 1204525318, 2, 0),
(294, 593, 1, 0, 1203126450, 1, 0),
(295, 594, 0, 0, 1204609170, 2, 0),
(296, 594, 1, 0, 1203126993, 1, 0),
(297, 588, 0, 0, 1205302665, 3, 0),
(298, 588, 1, 0, 1203127104, 1, 0),
(299, 605, 0, 0, 1204608484, 2, 0),
(300, 605, 1, 0, 1203127318, 1, 0),
(301, 601, 0, 0, 1204521784, 2, 0),
(302, 601, 1, 0, 1203126283, 1, 0),
(303, 598, 0, 0, 1204069510, 2, 0),
(304, 598, 1, 0, 1203125991, 1, 0),
(305, 602, 0, 0, 1204069519, 2, 0),
(306, 602, 1, 0, 1203125835, 1, 0),
(307, 584, 0, 0, 1204525322, 2, 0),
(308, 584, 1, 0, 1203125983, 1, 0),
(309, 596, 0, 0, 1205302538, 3, 0),
(310, 596, 1, 0, 1203040606, 1, 0),
(311, 604, 0, 0, 1204007088, 2, 0),
(312, 604, 1, 0, 1203126609, 1, 0),
(313, 587, 0, 0, 1204438545, 2, 0),
(314, 587, 1, 0, 1203126750, 1, 0),
(315, 586, 0, 0, 1204611469, 2, 0),
(316, 586, 1, 0, 1203040724, 1, 0),
(317, 592, 0, 0, 1205389240, 3, 0),
(318, 592, 1, 0, 1202954720, 1, 0),
(319, 590, 0, 0, 1204069526, 2, 0),
(320, 590, 1, 0, 1203125914, 1, 0),
(321, 597, 0, 0, 1205383710, 3, 0),
(322, 597, 1, 0, 1203127013, 1, 0),
(323, 603, 0, 0, 1204438926, 2, 0),
(324, 603, 1, 0, 1203041161, 1, 0),
(325, 635, 0, 0, 1204252247, 2, 0),
(326, 635, 1, 0, 1203910735, 1, 0),
(327, 623, 0, 0, 1204605635, 2, 0),
(328, 623, 1, 0, 1203910893, 1, 0),
(329, 630, 0, 0, 1207025070, 4, 0),
(330, 630, 1, 0, 1203910948, 1, 0),
(331, 640, 0, 0, 1204253219, 2, 0),
(332, 640, 1, 0, 1203911455, 1, 0),
(333, 624, 0, 0, 1204519538, 2, 0),
(334, 624, 1, 0, 1203911477, 1, 0),
(335, 98, 0, 0, 1203900745, 1, 0),
(336, 98, 1, 0, 0, 0, 0),
(337, 634, 0, 0, 1204605258, 2, 0),
(338, 634, 1, 0, 1203910855, 1, 0),
(339, 636, 0, 0, 1204605612, 2, 0),
(340, 636, 1, 0, 1203910825, 1, 0),
(341, 625, 0, 0, 1204605187, 2, 0),
(342, 625, 1, 0, 1203910956, 1, 0),
(343, 610, 0, 0, 1204605874, 2, 0),
(344, 610, 1, 0, 1203911016, 1, 0),
(345, 616, 0, 0, 1204605254, 2, 0),
(346, 616, 1, 0, 1203911193, 1, 0),
(347, 632, 0, 0, 1204605577, 2, 0),
(348, 632, 1, 0, 1203910866, 1, 0),
(349, 626, 0, 0, 1204605279, 2, 0),
(350, 626, 1, 0, 1203911411, 1, 0),
(351, 629, 0, 0, 1204605646, 2, 0),
(352, 629, 1, 0, 1203910903, 1, 0),
(353, 611, 0, 0, 1204605272, 2, 0),
(354, 611, 1, 0, 1203911203, 1, 0),
(355, 638, 0, 0, 1205383545, 3, 0),
(356, 638, 1, 0, 1203911465, 1, 0),
(357, 628, 0, 0, 1205383483, 3, 0),
(358, 628, 1, 0, 1203910877, 1, 0),
(359, 631, 0, 0, 1204605781, 2, 0),
(360, 631, 1, 0, 1203911278, 1, 0),
(361, 613, 0, 0, 1207806595, 4, 0),
(362, 613, 1, 0, 1203911471, 1, 0),
(363, 643, 0, 0, 1204605266, 2, 0),
(364, 643, 1, 0, 1203910831, 1, 0),
(365, 627, 0, 0, 1204605820, 2, 0),
(366, 627, 1, 0, 1203911376, 1, 0),
(367, 618, 0, 0, 1204605815, 2, 0),
(368, 618, 1, 0, 1203911492, 1, 0),
(369, 614, 0, 0, 1204605801, 2, 0),
(370, 614, 1, 0, 1203911097, 1, 0),
(371, 621, 0, 0, 1204605602, 2, 0),
(372, 621, 1, 0, 1203825049, 1, 0),
(373, 633, 0, 0, 1204605773, 2, 0),
(374, 633, 1, 0, 1203910918, 1, 0),
(375, 620, 0, 0, 1204605543, 2, 0),
(376, 620, 1, 0, 1203910926, 1, 0),
(377, 622, 0, 0, 1204605193, 2, 0),
(378, 622, 1, 0, 1203911166, 1, 0),
(379, 641, 0, 0, 1204605548, 2, 0),
(380, 641, 1, 0, 1203910770, 1, 0),
(381, 609, 0, 0, 1204605571, 2, 0),
(382, 609, 1, 0, 1203911034, 1, 0),
(383, 637, 0, 0, 1204605811, 2, 0),
(384, 637, 1, 0, 1203910725, 1, 0),
(385, 617, 0, 0, 1204605642, 2, 0),
(386, 617, 1, 0, 1203910842, 1, 0),
(387, 612, 0, 0, 1204254013, 2, 0),
(388, 612, 1, 0, 1203911300, 1, 0),
(389, 619, 0, 0, 1204605878, 2, 0),
(390, 619, 1, 0, 1203911386, 1, 0),
(391, 642, 0, 0, 1204605628, 2, 0),
(392, 642, 1, 0, 1203910930, 1, 0),
(393, 639, 0, 0, 1204605561, 2, 0),
(394, 639, 1, 0, 1203911185, 1, 0),
(395, 644, 0, 0, 1205383492, 3, 0),
(396, 644, 1, 0, 1203911414, 1, 0),
(397, 608, 0, 0, 1205383487, 3, 0),
(398, 608, 1, 0, 1203911292, 1, 0),
(399, 615, 0, 0, 1204605621, 2, 0),
(400, 615, 1, 0, 1203910937, 1, 0),
(401, 662, 0, 0, 1204256057, 1, 0),
(402, 662, 1, 0, 0, 0, 0),
(403, 650, 0, 0, 1204341043, 1, 0),
(404, 650, 1, 0, 0, 0, 0),
(405, 646, 0, 0, 1204341047, 1, 0),
(406, 646, 1, 0, 0, 0, 0),
(407, 648, 0, 0, 1204341062, 1, 0),
(408, 648, 1, 0, 0, 0, 0),
(409, 655, 0, 0, 1204255800, 1, 0),
(410, 655, 1, 0, 0, 0, 0),
(411, 653, 0, 0, 1204341112, 1, 0),
(412, 653, 1, 0, 0, 0, 0),
(413, 656, 0, 0, 1204341196, 1, 0),
(414, 656, 1, 0, 0, 0, 0),
(415, 654, 0, 0, 1204255880, 1, 0),
(416, 654, 1, 0, 0, 0, 0),
(417, 652, 0, 0, 1204687117, 2, 0),
(418, 652, 1, 0, 0, 0, 0),
(419, 645, 0, 0, 1204341541, 1, 0),
(420, 645, 1, 0, 0, 0, 0),
(421, 649, 0, 0, 1204169737, 1, 0),
(422, 649, 1, 0, 0, 0, 0),
(423, 651, 0, 0, 1204341670, 1, 0),
(424, 651, 1, 0, 0, 0, 0),
(425, 660, 0, 0, 1204255781, 1, 0),
(426, 660, 1, 0, 0, 0, 0),
(427, 661, 0, 0, 1204255679, 1, 0),
(428, 661, 1, 0, 0, 0, 0),
(429, 659, 0, 0, 1204256109, 1, 0),
(430, 659, 1, 0, 0, 0, 0),
(431, 658, 0, 0, 1204255869, 1, 0),
(432, 658, 1, 0, 0, 0, 0),
(433, 657, 0, 0, 1204169718, 1, 0),
(434, 657, 1, 0, 0, 0, 0),
(435, 647, 0, 0, 1204256125, 1, 0),
(436, 647, 1, 0, 0, 0, 0),
(437, 663, 0, 2, 1204342430, 1, 1),
(438, 663, 1, 0, 0, 0, 0),
(439, 669, 0, 0, 1204956359, 1, 0),
(440, 669, 1, 0, 0, 0, 0),
(441, 708, 0, 0, 0, 0, 1),
(442, 708, 1, 0, 0, 0, 0),
(443, 695, 0, 0, 0, 0, 1),
(444, 695, 1, 0, 0, 0, 0),
(445, 154, 0, 3, 0, 0, 1),
(446, 154, 1, 0, 0, 0, 0);
